{
  "minecraft:recipes/decorations/crafting_table": {
    "criteria": {
      "unlock_right_away": "2025-07-07 20:47:37 +0000"
    },
    "done": false
  },
  "mcwbyg:recipes/mahogany_hedge": {
    "criteria": {
      "has_birch": "2025-07-07 20:47:37 +0000"
    },
    "done": true
  },
  "mekanism:root": {
    "criteria": {
      "automatic": "2025-07-07 20:47:37 +0000"
    },
    "done": true
  },
  "mcwfences:recipes/warped": {
    "criteria": {
      "has_warped": "2025-07-07 20:47:37 +0000"
    },
    "done": true
  },
  "mcwbyg:recipes/cypress_hedge": {
    "criteria": {
      "has_birch": "2025-07-07 20:47:37 +0000"
    },
    "done": true
  },
  "irons_spellbooks:grant_patchouli": {
    "criteria": {
      "tick": "2025-07-07 20:47:37 +0000"
    },
    "done": true
  },
  "iceandfire:iceandfire/root": {
    "criteria": {
      "tick": "2025-07-07 20:47:37 +0000"
    },
    "done": true
  },
  "mcwbyg:recipes/zelkova_fences": {
    "criteria": {
      "has_acacia": "2025-07-07 20:47:37 +0000"
    },
    "done": true
  },
  "mcwbyg:recipes/sakura_fences": {
    "criteria": {
      "has_acacia": "2025-07-07 20:47:37 +0000"
    },
    "done": true
  },
  "mcwbyg:recipes/flowering_yucca_hedge": {
    "criteria": {
      "has_birch": "2025-07-07 20:47:37 +0000"
    },
    "done": true
  },
  "mcwbyg:recipes/green_enchanted_fences": {
    "criteria": {
      "has_acacia": "2025-07-07 20:47:37 +0000"
    },
    "done": true
  },
  "mcwfences:recipes/stone": {
    "criteria": {
      "has_stone": "2025-07-07 20:47:37 +0000"
    },
    "done": true
  },
  "aquaculture:recipes/tools/iron_fishing_rod": {
    "criteria": {
      "has_vanilla_rod": "2025-07-07 20:47:37 +0000"
    },
    "done": false
  },
  "mcwbyg:recipes/brown_birch_hedge": {
    "criteria": {
      "has_birch": "2025-07-07 20:47:37 +0000"
    },
    "done": true
  },
  "mcwbyg:recipes/dacite_bricks_walls": {
    "criteria": {
      "has_sand": "2025-07-07 20:47:37 +0000"
    },
    "done": true
  },
  "mcwbyg:recipes/purple_sandstone_walls": {
    "criteria": {
      "has_sand": "2025-07-07 20:47:37 +0000"
    },
    "done": true
  },
  "mcwbyg:recipes/white_mangrove_hedge": {
    "criteria": {
      "has_birch": "2025-07-07 20:47:37 +0000"
    },
    "done": true
  },
  "mcwbyg:recipes/palm_fences": {
    "criteria": {
      "has_acacia": "2025-07-07 20:47:37 +0000"
    },
    "done": true
  },
  "aquaculture:recipes/decorations/oak_fish_mount": {
    "criteria": {
      "has_items": "2025-07-07 20:47:37 +0000"
    },
    "done": false
  },
  "storagedrawers:recipes/storagedrawers/birch_trim": {
    "criteria": {
      "has_planks": "2025-07-07 20:47:37 +0000"
    },
    "done": false
  },
  "aquaculture:recipes/aquaculture/double_hook": {
    "criteria": {
      "has_items": "2025-07-07 20:47:37 +0000"
    },
    "done": false
  },
  "aquaculture:recipes/aquaculture/iron_hook": {
    "criteria": {
      "has_items": "2025-07-07 20:47:37 +0000"
    },
    "done": false
  },
  "aquaculture:recipes/misc/jellyfish_to_slimeball": {
    "criteria": {
      "has_items": "2025-07-07 20:47:37 +0000"
    },
    "done": false
  },
  "mcwbyg:recipes/fir_fences": {
    "criteria": {
      "has_acacia": "2025-07-07 20:47:37 +0000"
    },
    "done": true
  },
  "storagedrawers:recipes/storagedrawers/oak_trim": {
    "criteria": {
      "has_planks": "2025-07-07 20:47:37 +0000"
    },
    "done": false
  },
  "storagedrawers:recipes/storagedrawers/emerald_storage_upgrade": {
    "criteria": {
      "has_template": "2025-07-07 20:47:37 +0000"
    },
    "done": false
  },
  "storagedrawers:recipes/storagedrawers/obsidian_storage_upgrade": {
    "criteria": {
      "has_template": "2025-07-07 20:47:37 +0000"
    },
    "done": false
  },
  "idas:idas_root": {
    "criteria": {
      "always": "2025-07-07 20:47:37 +0000"
    },
    "done": true
  },
  "mcwbyg:recipes/jacaranda_hedge": {
    "criteria": {
      "has_birch": "2025-07-07 20:47:37 +0000"
    },
    "done": true
  },
  "biomeswevegone:biomeswevegone/root": {
    "criteria": {
      "tick": "2025-07-07 20:47:37 +0000"
    },
    "done": true
  },
  "aquaculture:recipes/decorations/birch_fish_mount": {
    "criteria": {
      "has_items": "2025-07-07 20:47:37 +0000"
    },
    "done": false
  },
  "mcwbyg:recipes/white_sakura_hedge": {
    "criteria": {
      "has_birch": "2025-07-07 20:47:37 +0000"
    },
    "done": true
  },
  "etched:recipes/misc/music_label": {
    "criteria": {
      "has_blank_music_disc": "2025-07-07 20:47:37 +0000"
    },
    "done": false
  },
  "storagedrawers:recipes/storagedrawers/remote_group_upgrade": {
    "criteria": {
      "has_template": "2025-07-07 20:47:37 +0000"
    },
    "done": false
  },
  "mcwbyg:recipes/holly_fences": {
    "criteria": {
      "has_acacia": "2025-07-07 20:47:37 +0000"
    },
    "done": true
  },
  "mcwfences:recipes/mangrove": {
    "criteria": {
      "has_mangrove": "2025-07-07 20:47:37 +0000"
    },
    "done": true
  },
  "mowziesmobs:root": {
    "criteria": {
      "custom_test_name": "2025-07-07 20:47:37 +0000"
    },
    "done": true
  },
  "aquaculture:recipes/misc/brown_mushroom_from_fish": {
    "criteria": {
      "has_items": "2025-07-07 20:47:37 +0000"
    },
    "done": false
  },
  "storagedrawers:recipes/storagedrawers/portability_upgrade": {
    "criteria": {
      "has_template": "2025-07-07 20:47:37 +0000"
    },
    "done": false
  },
  "mcwbyg:recipes/zelkova_hedge": {
    "criteria": {
      "has_birch": "2025-07-07 20:47:37 +0000"
    },
    "done": true
  },
  "the_bumblezone:root": {
    "criteria": {
      "instant_granted": "2025-07-07 20:47:37 +0000"
    },
    "done": true
  },
  "aquaculture:recipes/misc/neptinium_ingot_from_blasting": {
    "criteria": {
      "has_leggings": "2025-07-07 20:47:37 +0000",
      "has_axe": "2025-07-07 20:47:37 +0000",
      "has_helmet": "2025-07-07 20:47:37 +0000",
      "has_fishing_rod": "2025-07-07 20:47:38 +0000",
      "has_bow": "2025-07-07 20:47:37 +0000",
      "has_chestplate": "2025-07-07 20:47:37 +0000",
      "has_sword": "2025-07-07 20:47:37 +0000",
      "has_fillet_knife": "2025-07-07 20:47:38 +0000",
      "has_shovel": "2025-07-07 20:47:37 +0000",
      "has_hoe": "2025-07-07 20:47:38 +0000",
      "has_boots": "2025-07-07 20:47:38 +0000",
      "has_pickaxe": "2025-07-07 20:47:37 +0000"
    },
    "done": false
  },
  "storagedrawers:recipes/storagedrawers/min_redstone_upgrade": {
    "criteria": {
      "has_template": "2025-07-07 20:47:37 +0000"
    },
    "done": false
  },
  "aquaculture:recipes/food/sushi": {
    "criteria": {
      "has_alt_items": "2025-07-07 20:47:37 +0000",
      "has_items": "2025-07-07 20:47:37 +0000"
    },
    "done": false
  },
  "storagedrawers:recipes/storagedrawers/keyring": {
    "criteria": {
      "has_template": "2025-07-07 20:47:37 +0000"
    },
    "done": false
  },
  "aquaculture:recipes/building_blocks/planks_from_driftwood": {
    "criteria": {
      "has_items": "2025-07-07 20:47:37 +0000"
    },
    "done": false
  },
  "mcwbyg:recipes/ironwood_hedge": {
    "criteria": {
      "has_birch": "2025-07-07 20:47:37 +0000"
    },
    "done": true
  },
  "mcwbyg:recipes/yellow_sakura_hedge": {
    "criteria": {
      "has_birch": "2025-07-07 20:47:37 +0000"
    },
    "done": true
  },
  "aquaculture:recipes/aquaculture/gold_hook": {
    "criteria": {
      "has_items": "2025-07-07 20:47:37 +0000"
    },
    "done": false
  },
  "mcwbyg:recipes/rainbow_eucalyptus_hedge": {
    "criteria": {
      "has_birch": "2025-07-07 20:47:37 +0000"
    },
    "done": true
  },
  "mcwbyg:recipes/ebony_hedge": {
    "criteria": {
      "has_birch": "2025-07-07 20:47:37 +0000"
    },
    "done": true
  },
  "aquaculture:recipes/decorations/spruce_fish_mount": {
    "criteria": {
      "has_items": "2025-07-07 20:47:37 +0000"
    },
    "done": false
  },
  "mcwbyg:recipes/orange_oak_hedge": {
    "criteria": {
      "has_birch": "2025-07-07 20:47:37 +0000"
    },
    "done": true
  },
  "mcwbyg:recipes/mahogany_fences": {
    "criteria": {
      "has_acacia": "2025-07-07 20:47:37 +0000"
    },
    "done": true
  },
  "aquaculture:recipes/misc/tin_can_to_iron_nugget_from_blasting": {
    "criteria": {
      "has_items": "2025-07-07 20:47:37 +0000"
    },
    "done": false
  },
  "mcwbyg:recipes/aspen_hedge": {
    "criteria": {
      "has_birch": "2025-07-07 20:47:37 +0000"
    },
    "done": true
  },
  "storagedrawers:recipes/storagedrawers/mangrove_trim": {
    "criteria": {
      "has_planks": "2025-07-07 20:47:37 +0000"
    },
    "done": false
  },
  "storagedrawers:recipes/storagedrawers/spruce_trim": {
    "criteria": {
      "has_planks": "2025-07-07 20:47:37 +0000"
    },
    "done": false
  },
  "aquaculture:recipes/aquaculture/redstone_hook": {
    "criteria": {
      "has_items": "2025-07-07 20:47:37 +0000"
    },
    "done": false
  },
  "mcwbyg:recipes/blue_enchanted_hedge": {
    "criteria": {
      "has_birch": "2025-07-07 20:47:37 +0000"
    },
    "done": true
  },
  "mcwbyg:recipes/willow_hedge": {
    "criteria": {
      "has_birch": "2025-07-07 20:47:37 +0000"
    },
    "done": true
  },
  "storagedrawers:recipes/storagedrawers/quantify_key": {
    "criteria": {
      "has_template": "2025-07-07 20:47:37 +0000"
    },
    "done": false
  },
  "mcwbyg:recipes/flowering_orchard_hedge": {
    "criteria": {
      "has_birch": "2025-07-07 20:47:37 +0000"
    },
    "done": true
  },
  "ratlantis:root": {
    "criteria": {
      "tick": "2025-07-07 20:47:37 +0000"
    },
    "done": true
  },
  "complicated_bees:grant_book_on_first": {
    "criteria": {
      "tick": "2025-07-07 20:47:37 +0000"
    },
    "done": true
  },
  "storagedrawers:recipes/storagedrawers/one_stack_upgrade": {
    "criteria": {
      "has_template": "2025-07-07 20:47:37 +0000"
    },
    "done": false
  },
  "mcwbyg:recipes/red_maple_hedge": {
    "criteria": {
      "has_birch": "2025-07-07 20:47:37 +0000"
    },
    "done": true
  },
  "mcwfences:recipes/dark_oak": {
    "criteria": {
      "has_dark_oak": "2025-07-07 20:47:37 +0000"
    },
    "done": true
  },
  "aquaculture:recipes/misc/neptunium_ingot_from_neptunium_block": {
    "criteria": {
      "has_items": "2025-07-07 20:47:37 +0000"
    },
    "done": false
  },
  "create:root": {
    "criteria": {
      "0": "2025-07-07 20:47:37 +0000"
    },
    "done": true
  },
  "ae2wtlib:recipes/wireless_universal_terminal/upgrade_pattern_access": {
    "criteria": {
      "has_wit": "2025-07-07 20:47:37 +0000"
    },
    "done": false
  },
  "storagedrawers:recipes/storagedrawers/remote_upgrade": {
    "criteria": {
      "has_template": "2025-07-07 20:47:37 +0000"
    },
    "done": false
  },
  "storagedrawers:recipes/storagedrawers/acacia_trim": {
    "criteria": {
      "has_planks": "2025-07-07 20:47:37 +0000"
    },
    "done": false
  },
  "mcwbyg:recipes/brown_oak_hedge": {
    "criteria": {
      "has_birch": "2025-07-07 20:47:37 +0000"
    },
    "done": true
  },
  "storagedrawers:recipes/storagedrawers/priority_key": {
    "criteria": {
      "has_template": "2025-07-07 20:47:37 +0000"
    },
    "done": false
  },
  "hexcasting:grant_patchi_book": {
    "criteria": {
      "tick": "2025-07-07 20:47:37 +0000"
    },
    "done": true
  },
  "trashcompactor:recipes/trash_compactor": {
    "criteria": {
      "has_shears": "2025-07-07 20:47:38 +0000",
      "has_piston": "2025-07-07 20:47:37 +0000"
    },
    "done": false
  },
  "ae2wtlib:recipes/wireless_pattern_access_terminal": {
    "criteria": {
      "has_wt": "2025-07-07 20:47:37 +0000"
    },
    "done": false
  },
  "mcwbyg:recipes/blue_sandstone_walls": {
    "criteria": {
      "has_sand": "2025-07-07 20:47:37 +0000"
    },
    "done": true
  },
  "mcwbyg:recipes/witch_hazel_hedge": {
    "criteria": {
      "has_birch": "2025-07-07 20:47:37 +0000"
    },
    "done": true
  },
  "storagedrawers:recipes/storagedrawers/gold_storage_upgrade": {
    "criteria": {
      "has_template": "2025-07-07 20:47:37 +0000"
    },
    "done": false
  },
  "mcwfences:recipes/sandstone": {
    "criteria": {
      "has_sand": "2025-07-07 20:47:37 +0000"
    },
    "done": true
  },
  "etched:recipes/decorations/album_jukebox": {
    "criteria": {
      "has_jukebox": "2025-07-07 20:47:37 +0000"
    },
    "done": false
  },
  "mcwfences:recipes/acacia": {
    "criteria": {
      "has_acacia": "2025-07-07 20:47:37 +0000"
    },
    "done": true
  },
  "storagedrawers:recipes/storagedrawers/void_upgrade": {
    "criteria": {
      "has_template": "2025-07-07 20:47:37 +0000"
    },
    "done": false
  },
  "storagedrawers:recipes/storagedrawers/fill_level_upgrade": {
    "criteria": {
      "has_template": "2025-07-07 20:47:37 +0000"
    },
    "done": false
  },
  "aquaculture:recipes/aquaculture/fishing_line": {
    "criteria": {
      "has_items": "2025-07-07 20:47:37 +0000"
    },
    "done": false
  },
  "rats:root": {
    "criteria": {
      "tick": "2025-07-07 20:47:37 +0000"
    },
    "done": true
  },
  "goety_spillage:root": {
    "criteria": {
      "tick": "2025-07-07 20:47:37 +0000"
    },
    "done": true
  },
  "trailandtales_delight:tat_delight": {
    "criteria": {
      "trail_and_tales": "2025-07-07 20:47:37 +0000"
    },
    "done": true
  },
  "storagedrawers:recipes/storagedrawers/iron_storage_upgrade": {
    "criteria": {
      "has_template": "2025-07-07 20:47:37 +0000"
    },
    "done": false
  },
  "aquaculture:recipes/misc/tin_can_to_iron_nugget": {
    "criteria": {
      "has_items": "2025-07-07 20:47:37 +0000"
    },
    "done": false
  },
  "aquaculture:recipes/misc/iron_nugget_from_smelting": {
    "criteria": {
      "has_fishing_rod": "2025-07-07 20:47:37 +0000",
      "has_fillet_knife": "2025-07-07 20:47:38 +0000"
    },
    "done": false
  },
  "repurposed_structures:root": {
    "criteria": {
      "always": "2025-07-07 20:47:37 +0000"
    },
    "done": true
  },
  "goety_cataclysm:root": {
    "criteria": {
      "tick": "2025-07-07 20:47:37 +0000"
    },
    "done": true
  },
  "aquaculture:recipes/misc/gold_nugget_from_smelting": {
    "criteria": {
      "has_fishing_rod": "2025-07-07 20:47:38 +0000",
      "has_fillet_knife": "2025-07-07 20:47:37 +0000"
    },
    "done": false
  },
  "goety:goety/root": {
    "criteria": {
      "tick": "2025-07-07 20:47:37 +0000"
    },
    "done": true
  },
  "storagedrawers:recipes/storagedrawers/drawer_puller": {
    "criteria": {
      "has_template": "2025-07-07 20:47:37 +0000"
    },
    "done": false
  },
  "aquaculture:recipes/misc/bonemeal_from_fish_bones": {
    "criteria": {
      "has_items": "2025-07-07 20:47:37 +0000"
    },
    "done": false
  },
  "mcwbyg:recipes/flowering_skyris_hedge": {
    "criteria": {
      "has_birch": "2025-07-07 20:47:37 +0000"
    },
    "done": true
  },
  "vampiresdelight:main/root": {
    "criteria": {
      "seeds": "2025-07-07 20:47:37 +0000"
    },
    "done": true
  },
  "ae2wtlib:recipes/wireless_universal_terminal/ce": {
    "criteria": {
      "has_wpt": "2025-07-07 20:47:37 +0000",
      "has_wct": "2025-07-07 20:47:38 +0000"
    },
    "done": false
  },
  "ae2wtlib:recipes/wireless_universal_terminal/ca": {
    "criteria": {
      "has_wit": "2025-07-07 20:47:38 +0000",
      "has_wct": "2025-07-07 20:47:37 +0000"
    },
    "done": false
  },
  "mcwfences:recipes/spruce": {
    "criteria": {
      "has_spruce": "2025-07-07 20:47:37 +0000"
    },
    "done": true
  },
  "ae2wtlib:recipes/wireless_universal_terminal/ae": {
    "criteria": {
      "has_wit": "2025-07-07 20:47:37 +0000",
      "has_wpt": "2025-07-07 20:47:38 +0000"
    },
    "done": false
  },
  "craftingautomat:recipes/redstone/autocrafter": {
    "criteria": {
      "has_end_stone": "2025-07-07 20:47:37 +0000"
    },
    "done": false
  },
  "aquaculture:recipes/aquaculture/diamond_hook": {
    "criteria": {
      "has_items": "2025-07-07 20:47:37 +0000"
    },
    "done": false
  },
  "aquaculture:recipes/misc/red_mushroom_from_fish": {
    "criteria": {
      "has_items": "2025-07-07 20:47:37 +0000"
    },
    "done": false
  },
  "ae2wtlib:recipes/quantum_bridge_card": {
    "criteria": {
      "has_wit": "2025-07-07 20:47:37 +0000",
      "has_wpt": "2025-07-07 20:47:37 +0000",
      "has_wct": "2025-07-07 20:47:38 +0000"
    },
    "done": false
  },
  "mcwfences:recipes/end": {
    "criteria": {
      "has_end_brick": "2025-07-07 20:47:37 +0000"
    },
    "done": true
  },
  "mcwbyg:recipes/blooming_witch_hazel_hedge": {
    "criteria": {
      "has_birch": "2025-07-07 20:47:37 +0000"
    },
    "done": true
  },
  "aquaculture:recipes/food/cooked_fish_fillet_from_campfire": {
    "criteria": {
      "has_items": "2025-07-07 20:47:37 +0000"
    },
    "done": false
  },
  "majruszsdifficulty:game_stage_normal": {
    "criteria": {
      "is_triggered": "2025-07-07 20:47:37 +0000"
    },
    "done": true
  },
  "mcwbyg:recipes/cika_hedge": {
    "criteria": {
      "has_birch": "2025-07-07 20:47:37 +0000"
    },
    "done": true
  },
  "storagedrawers:recipes/storagedrawers/warped_trim": {
    "criteria": {
      "has_planks": "2025-07-07 20:47:37 +0000"
    },
    "done": false
  },
  "storagedrawers:recipes/storagedrawers/jungle_trim": {
    "criteria": {
      "has_planks": "2025-07-07 20:47:37 +0000"
    },
    "done": false
  },
  "mcwfences:recipes/mud_brick": {
    "criteria": {
      "has_qq": "2025-07-07 20:47:37 +0000"
    },
    "done": true
  },
  "lootr:root": {
    "criteria": {
      "always_true": "2025-07-07 20:47:37 +0000"
    },
    "done": true
  },
  "cataclysm:root": {
    "criteria": {
      "custom_test_name": "2025-07-07 20:47:37 +0000"
    },
    "done": true
  },
  "mcwbyg:recipes/yellow_birch_hedge": {
    "criteria": {
      "has_birch": "2025-07-07 20:47:37 +0000"
    },
    "done": true
  },
  "mcwbyg:recipes/white_mangrove_fences": {
    "criteria": {
      "has_acacia": "2025-07-07 20:47:37 +0000"
    },
    "done": true
  },
  "mcwbyg:recipes/jacaranda_fences": {
    "criteria": {
      "has_acacia": "2025-07-07 20:47:37 +0000"
    },
    "done": true
  },
  "aquaculture:recipes/misc/gold_nugget_from_blasting": {
    "criteria": {
      "has_fishing_rod": "2025-07-07 20:47:38 +0000",
      "has_fillet_knife": "2025-07-07 20:47:37 +0000"
    },
    "done": false
  },
  "energymeter:recipes/energymeter/meter": {
    "criteria": {
      "has_item": "2025-07-07 20:47:37 +0000"
    },
    "done": false
  },
  "aquaculture:recipes/misc/gold_nugget_from_gold_fish": {
    "criteria": {
      "has_items": "2025-07-07 20:47:37 +0000"
    },
    "done": false
  },
  "storagedrawers:recipes/storagedrawers/dark_oak_trim": {
    "criteria": {
      "has_planks": "2025-07-07 20:47:37 +0000"
    },
    "done": false
  },
  "the_bumblezone:wiki": {
    "criteria": {
      "instant_granted": "2025-07-07 20:47:37 +0000"
    },
    "done": true
  },
  "mcwbyg:recipes/flowering_ironwood_hedge": {
    "criteria": {
      "has_birch": "2025-07-07 20:47:37 +0000"
    },
    "done": true
  },
  "aquaculture:recipes/misc/neptunium_ingot_from_nuggets": {
    "criteria": {
      "has_items": "2025-07-07 20:47:37 +0000"
    },
    "done": false
  },
  "occultism:occultism/root": {
    "criteria": {
      "occultism_present": "2025-07-07 20:47:37 +0000"
    },
    "done": true
  },
  "aquaculture:recipes/misc/iron_nugget_from_blasting": {
    "criteria": {
      "has_fishing_rod": "2025-07-07 20:47:38 +0000",
      "has_fillet_knife": "2025-07-07 20:47:37 +0000"
    },
    "done": false
  },
  "mcwbyg:recipes/willow_fences": {
    "criteria": {
      "has_acacia": "2025-07-07 20:47:37 +0000"
    },
    "done": true
  },
  "mcwbyg:recipes/white_sandstone_walls": {
    "criteria": {
      "has_sand": "2025-07-07 20:47:37 +0000"
    },
    "done": true
  },
  "aquaculture:recipes/decorations/jungle_fish_mount": {
    "criteria": {
      "has_items": "2025-07-07 20:47:37 +0000"
    },
    "done": false
  },
  "integrated_villages:integrated_villages_root": {
    "criteria": {
      "always": "2025-07-07 20:47:37 +0000"
    },
    "done": true
  },
  "mcwbyg:recipes/florus_fences": {
    "criteria": {
      "has_acacia": "2025-07-07 20:47:38 +0000"
    },
    "done": true
  },
  "mcwbyg:recipes/fir_hedge": {
    "criteria": {
      "has_birch": "2025-07-07 20:47:38 +0000"
    },
    "done": true
  },
  "mcwfences:recipes/jungle": {
    "criteria": {
      "has_jungle": "2025-07-07 20:47:38 +0000"
    },
    "done": true
  },
  "storagedrawers:recipes/storagedrawers/illumination_upgrade": {
    "criteria": {
      "has_template": "2025-07-07 20:47:38 +0000"
    },
    "done": false
  },
  "solcarrot:recipes/food_book": {
    "criteria": {
      "has_book": "2025-07-07 20:47:38 +0000",
      "has_carrot": "2025-07-07 20:47:38 +0000"
    },
    "done": false
  },
  "mcwbyg:recipes/palm_hedge": {
    "criteria": {
      "has_birch": "2025-07-07 20:47:38 +0000"
    },
    "done": true
  },
  "storagedrawers:recipes/storagedrawers/personal_key_cofh": {
    "criteria": {
      "has_template": "2025-07-07 20:47:38 +0000"
    },
    "done": false
  },
  "mcwbyg:recipes/orange_birch_hedge": {
    "criteria": {
      "has_birch": "2025-07-07 20:47:38 +0000"
    },
    "done": true
  },
  "ae2wtlib:recipes/wireless_universal_terminal/upgrade_crafting": {
    "criteria": {
      "has_wct": "2025-07-07 20:47:38 +0000"
    },
    "done": false
  },
  "brewinandchewin:main/root": {
    "criteria": {
      "beer": "2025-07-07 20:47:38 +0000"
    },
    "done": true
  },
  "mcwbyg:recipes/aspen_fences": {
    "criteria": {
      "has_acacia": "2025-07-07 20:47:38 +0000"
    },
    "done": true
  },
  "mcwfences:recipes/birch": {
    "criteria": {
      "has_birch": "2025-07-07 20:47:38 +0000"
    },
    "done": true
  },
  "mcwbyg:recipes/pink_sandstone_walls": {
    "criteria": {
      "has_sand": "2025-07-07 20:47:38 +0000"
    },
    "done": true
  },
  "ae2wtlib:recipes/wireless_pattern_encoding_terminal": {
    "criteria": {
      "has_wt": "2025-07-07 20:47:38 +0000"
    },
    "done": false
  },
  "mcwfences:recipes/hedge": {
    "criteria": {
      "has_birch": "2025-07-07 20:47:38 +0000"
    },
    "done": true
  },
  "mcwbyg:recipes/black_sandstone_walls": {
    "criteria": {
      "has_sand": "2025-07-07 20:47:38 +0000"
    },
    "done": true
  },
  "thegreatbelow:beam_block_stepped": {
    "criteria": {
      "player_stepped_on_beam_block": "2025-07-07 20:47:38 +0000"
    },
    "done": true
  },
  "mcwbyg:recipes/skyris_fences": {
    "criteria": {
      "has_acacia": "2025-07-07 20:47:38 +0000"
    },
    "done": true
  },
  "mcwfences:recipes/prismarine": {
    "criteria": {
      "has_qq": "2025-07-07 20:47:38 +0000"
    },
    "done": true
  },
  "storagedrawers:recipes/storagedrawers/diamond_storage_upgrade": {
    "criteria": {
      "has_template": "2025-07-07 20:47:38 +0000"
    },
    "done": false
  },
  "infinitybuttons:root": {
    "criteria": {
      "show": "2025-07-07 20:47:38 +0000"
    },
    "done": true
  },
  "storagedrawers:recipes/storagedrawers/crimson_trim": {
    "criteria": {
      "has_planks": "2025-07-07 20:47:38 +0000"
    },
    "done": false
  },
  "mcwbyg:recipes/red_oak_hedge": {
    "criteria": {
      "has_birch": "2025-07-07 20:47:38 +0000"
    },
    "done": true
  },
  "storagedrawers:recipes/storagedrawers/shroud_key": {
    "criteria": {
      "has_template": "2025-07-07 20:47:38 +0000"
    },
    "done": false
  },
  "ae2wtlib:recipes/wireless_universal_terminal/upgrade_pattern_encoding": {
    "criteria": {
      "has_wpt": "2025-07-07 20:47:38 +0000"
    },
    "done": false
  },
  "mcwbyg:recipes/blue_spruce_hedge": {
    "criteria": {
      "has_birch": "2025-07-07 20:47:38 +0000"
    },
    "done": true
  },
  "aquaculture:recipes/decorations/dark_oak_fish_mount": {
    "criteria": {
      "has_items": "2025-07-07 20:47:38 +0000"
    },
    "done": false
  },
  "storagedrawers:recipes/storagedrawers/drawer_key": {
    "criteria": {
      "has_template": "2025-07-07 20:47:38 +0000"
    },
    "done": false
  },
  "mcwbyg:recipes/pine_fences": {
    "criteria": {
      "has_acacia": "2025-07-07 20:47:38 +0000"
    },
    "done": true
  },
  "tombstone:adventure/root": {
    "criteria": {
      "auto": "2025-07-07 20:47:38 +0000"
    },
    "done": true
  },
  "mcwbyg:recipes/red_rock_bricks_walls": {
    "criteria": {
      "has_sand": "2025-07-07 20:47:38 +0000"
    },
    "done": true
  },
  "aquaculture:recipes/aquaculture/worm_farm": {
    "criteria": {
      "has_items": "2025-07-07 20:47:38 +0000"
    },
    "done": false
  },
  "aquaculture:recipes/aquaculture/note_hook": {
    "criteria": {
      "has_items": "2025-07-07 20:47:38 +0000"
    },
    "done": false
  },
  "storagedrawers:recipes/storagedrawers/personal_key": {
    "criteria": {
      "has_template": "2025-07-07 20:47:38 +0000"
    },
    "done": false
  },
  "storagedrawers:recipes/storagedrawers/max_redstone_upgrade": {
    "criteria": {
      "has_template": "2025-07-07 20:47:38 +0000"
    },
    "done": false
  },
  "storagedrawers:recipes/storagedrawers/bamboo_trim": {
    "criteria": {
      "has_planks": "2025-07-07 20:47:38 +0000"
    },
    "done": false
  },
  "etched:recipes/misc/boombox": {
    "criteria": {
      "has_jukebox": "2025-07-07 20:47:38 +0000"
    },
    "done": false
  },
  "totw_modded:root": {
    "criteria": {
      "sample_trigger": "2025-07-07 20:47:38 +0000"
    },
    "done": true
  },
  "mcwfences:recipes/deepslate": {
    "criteria": {
      "has_deepslate": "2025-07-07 20:47:38 +0000"
    },
    "done": true
  },
  "aquaculture:recipes/aquaculture/bobber": {
    "criteria": {
      "has_items": "2025-07-07 20:47:38 +0000"
    },
    "done": false
  },
  "aquaculture:recipes/food/cooked_fish_fillet_from_smoking": {
    "criteria": {
      "has_items": "2025-07-07 20:47:38 +0000"
    },
    "done": false
  },
  "farmersdelight:main/root": {
    "criteria": {
      "seeds": "2025-07-07 20:47:38 +0000"
    },
    "done": true
  },
  "aquaculture:recipes/food/cooked_fish_fillet": {
    "criteria": {
      "has_items": "2025-07-07 20:47:38 +0000"
    },
    "done": false
  },
  "mcwbyg:recipes/flowering_jacaranda_hedge": {
    "criteria": {
      "has_birch": "2025-07-07 20:47:38 +0000"
    },
    "done": true
  },
  "minecraft:adventure/adventuring_time": {
    "criteria": {
      "minecraft:plains": "2025-07-07 20:47:38 +0000"
    },
    "done": false
  },
  "storagedrawers:recipes/storagedrawers/balance_fill_upgrade": {
    "criteria": {
      "has_template": "2025-07-07 20:47:38 +0000"
    },
    "done": false
  },
  "mcwbyg:recipes/maple_fences": {
    "criteria": {
      "has_acacia": "2025-07-07 20:47:38 +0000"
    },
    "done": true
  },
  "mcwbyg:recipes/yellow_spruce_hedge": {
    "criteria": {
      "has_birch": "2025-07-07 20:47:38 +0000"
    },
    "done": true
  },
  "mcwbyg:recipes/flowering_indigo_jacaranda_hedge": {
    "criteria": {
      "has_birch": "2025-07-07 20:47:38 +0000"
    },
    "done": true
  },
  "aquaculture:recipes/aquaculture/heavy_hook": {
    "criteria": {
      "has_items": "2025-07-07 20:47:38 +0000"
    },
    "done": false
  },
  "mcwfences:recipes/crimson": {
    "criteria": {
      "has_crimson": "2025-07-07 20:47:38 +0000"
    },
    "done": true
  },
  "mcwbyg:recipes/ironwood_fences": {
    "criteria": {
      "has_acacia": "2025-07-07 20:47:38 +0000"
    },
    "done": true
  },
  "mcwbyg:recipes/witch_hazel_fences": {
    "criteria": {
      "has_acacia": "2025-07-07 20:47:38 +0000"
    },
    "done": true
  },
  "mcwbyg:recipes/rainbow_eucalyptus_fences": {
    "criteria": {
      "has_acacia": "2025-07-07 20:47:38 +0000"
    },
    "done": true
  },
  "mcwbyg:recipes/cypress_fences": {
    "criteria": {
      "has_acacia": "2025-07-07 20:47:38 +0000"
    },
    "done": true
  },
  "storagedrawers:recipes/storagedrawers/cherry_trim": {
    "criteria": {
      "has_planks": "2025-07-07 20:47:38 +0000"
    },
    "done": false
  },
  "aquaculture:recipes/decorations/acacia_fish_mount": {
    "criteria": {
      "has_items": "2025-07-07 20:47:38 +0000"
    },
    "done": false
  },
  "aquaculture:recipes/aquaculture/light_hook": {
    "criteria": {
      "has_items": "2025-07-07 20:47:38 +0000"
    },
    "done": false
  },
  "mcwbyg:recipes/cika_fences": {
    "criteria": {
      "has_acacia": "2025-07-07 20:47:38 +0000"
    },
    "done": true
  },
  "mcwbyg:recipes/windswept_sandstone_walls": {
    "criteria": {
      "has_sand": "2025-07-07 20:47:38 +0000"
    },
    "done": true
  },
  "mcwfences:recipes/oak": {
    "criteria": {
      "has_oak": "2025-07-07 20:47:38 +0000"
    },
    "done": true
  },
  "mcwbyg:recipes/pine_hedge": {
    "criteria": {
      "has_birch": "2025-07-07 20:47:38 +0000"
    },
    "done": true
  },
  "mcwbyg:recipes/redwood_hedge": {
    "criteria": {
      "has_birch": "2025-07-07 20:47:38 +0000"
    },
    "done": true
  },
  "mcwbyg:recipes/orange_spruce_hedge": {
    "criteria": {
      "has_birch": "2025-07-07 20:47:38 +0000"
    },
    "done": true
  },
  "aquaculture:recipes/tools/diamond_fishing_rod": {
    "criteria": {
      "has_vanilla_rod": "2025-07-07 20:47:38 +0000"
    },
    "done": false
  },
  "mcwbyg:recipes/red_birch_hedge": {
    "criteria": {
      "has_birch": "2025-07-07 20:47:38 +0000"
    },
    "done": true
  },
  "mcwbyg:recipes/maple_hedge": {
    "criteria": {
      "has_birch": "2025-07-07 20:47:38 +0000"
    },
    "done": true
  },
  "etched:recipes/transportation/jukebox_minecart": {
    "criteria": {
      "has_minecart": "2025-07-07 20:47:38 +0000"
    },
    "done": false
  },
  "mcwbyg:recipes/green_enchanted_hedge": {
    "criteria": {
      "has_birch": "2025-07-07 20:47:38 +0000"
    },
    "done": true
  },
  "mcwbyg:recipes/ebony_fences": {
    "criteria": {
      "has_acacia": "2025-07-07 20:47:38 +0000"
    },
    "done": true
  },
  "mcwbyg:recipes/baobab_fences": {
    "criteria": {
      "has_acacia": "2025-07-07 20:47:38 +0000"
    },
    "done": true
  },
  "ae2wtlib:recipes/magnet_card": {
    "criteria": {
      "has_wct": "2025-07-07 20:47:38 +0000"
    },
    "done": false
  },
  "mcwfences:recipes/quartz": {
    "criteria": {
      "has_qq": "2025-07-07 20:47:38 +0000"
    },
    "done": true
  },
  "aquaculture:recipes/tools/golden_fishing_rod": {
    "criteria": {
      "has_vanilla_rod": "2025-07-07 20:47:38 +0000"
    },
    "done": false
  },
  "mcwfences:recipes/nether": {
    "criteria": {
      "has_nether_brick": "2025-07-07 20:47:38 +0000"
    },
    "done": true
  },
  "mcwfences:recipes/bamboo": {
    "criteria": {
      "has_bamboo": "2025-07-07 20:47:38 +0000"
    },
    "done": true
  },
  "mcwbyg:recipes/redwood_fences": {
    "criteria": {
      "has_acacia": "2025-07-07 20:47:38 +0000"
    },
    "done": true
  },
  "mcwbyg:recipes/araucaria_hedge": {
    "criteria": {
      "has_birch": "2025-07-07 20:47:38 +0000"
    },
    "done": true
  },
  "cloudstorage:cloudstorage/root": {
    "criteria": {
      "skyheight": "2025-07-07 20:47:38 +0000"
    },
    "done": true
  },
  "mcwbyg:recipes/skyris_hedge": {
    "criteria": {
      "has_birch": "2025-07-07 20:47:38 +0000"
    },
    "done": true
  },
  "mcwbyg:recipes/red_spruce_hedge": {
    "criteria": {
      "has_birch": "2025-07-07 20:47:38 +0000"
    },
    "done": true
  },
  "mcwfences:recipes/blackstone": {
    "criteria": {
      "has_blackstone": "2025-07-07 20:47:38 +0000"
    },
    "done": true
  },
  "storagedrawers:recipes/storagedrawers/redstone_upgrade": {
    "criteria": {
      "has_template": "2025-07-07 20:47:38 +0000"
    },
    "done": false
  },
  "mcwbyg:recipes/baobab_hedge": {
    "criteria": {
      "has_birch": "2025-07-07 20:47:38 +0000"
    },
    "done": true
  },
  "mcwbyg:recipes/holly_hedge": {
    "criteria": {
      "has_birch": "2025-07-07 20:47:38 +0000"
    },
    "done": true
  },
  "mcwbyg:recipes/blue_enchanted_fences": {
    "criteria": {
      "has_acacia": "2025-07-07 20:47:38 +0000"
    },
    "done": true
  },
  "mcwbyg:recipes/flowering_palo_verde_hedge": {
    "criteria": {
      "has_birch": "2025-07-07 20:47:38 +0000"
    },
    "done": true
  },
  "DataVersion": 3465
}