{"stats":{"minecraft:killed_by":{"minecraft:spider":1,"goety:web_spider":1,"alexsmobs:bison":2,"alexsmobs:murmur_head":1,"minecraft:cave_spider":1,"minecraft:skeleton":2,"majruszsdifficulty:cursed_armor":2,"iceandfire:ghost":1},"minecraft:dropped":{"minecraft:wheat_seeds":1,"autumnity:orange_maple_sapling":14,"thermal:corn_seeds":1,"thermal:barley_seeds":1,"thermal:flax_seeds":2,"thermal:peanut_seeds":1,"quark:jasper":3,"quark:oak_chest":2,"enderio:broken_spawner":1,"minecraft:tuff":2,"minecraft:pointed_dripstone":2,"autumnity:yellow_maple_sapling":27,"thermal:strawberry_seeds":1,"autumnity:maple_sapling":6,"thermal:sadiroot_seeds":1,"thermal:tomato_seeds":2,"supplementaries:ash":6,"autumnity:red_maple_sapling":11,"autumnity:maple_door":1,"immersive_weathering:tallow":14,"thermal:bell_pepper_seeds":2,"minecraft:wooden_pickaxe":1},"minecraft:crafted":{"minecraft:oak_planks":32,"ars_nouveau:archwood_planks":8,"minecraft:furnace":2,"quark:blossom_chest":6,"alexsdelight:cooked_bison":3,"minecraft:iron_axe":1,"minecraft:stone_pickaxe":1,"autumnity:maple_planks":488,"autumnity:maple_door":3,"minecraft:cooked_beef":3,"quark:blossom_planks":48,"minecraft:cooked_porkchop":13,"minecraft:crafting_table":2,"minecraft:wooden_pickaxe":1,"minecraft:iron_helmet":1,"autumnity:maple_pressure_plate":2,"minecraft:stone_axe":1,"minecraft:air":0,"minecraft:iron_chestplate":1,"minecraft:diamond_pickaxe":1,"minecraft:charcoal":13,"minecraft:stick":8,"quark:oak_chest":2,"minecraft:iron_ingot":15,"minecraft:iron_pickaxe":3,"minecraft:stone_sword":1,"minecraft:torch":12},"minecraft:mined":{"thermal:deepslate_tin_ore":15,"create:zinc_ore":30,"biomeswevegone:lush_dirt":9,"create:deepslate_zinc_ore":23,"minecraft:tuff":3,"minecraft:deepslate_diamond_ore":9,"quark:shale":19,"thermal:tin_ore":8,"biomeswevegone:lush_grass_block":3,"minecraft:grass_block":5,"thermal:deepslate_nickel_ore":16,"autumnity:maple_log":1,"quark:jasper":8,"tinkers_advanced:bismuthinite_ore_deepslate":43,"minecraft:spawner":3,"minecraft:cobbled_deepslate":1,"minecraft:fire":2,"minecraft:iron_ore":39,"treechop:chopped_log":30,"minecraft:pointed_dripstone":1,"minecraft:deepslate_iron_ore":13,"minecraft:stone":85,"minecraft:deepslate_redstone_ore":47,"immersive_weathering:quark/yellow_blossom_leaf_pile":120,"immersive_weathering:ars_nouveau/blue_archwood_leaf_pile":13,"thermal:lead_ore":3,"autumnity:maple_planks":6,"minecraft:crafting_table":3,"minecraft:torch":4,"quark:cobblestone_bricks":4,"minecraft:tall_grass":21,"minecraft:copper_ore":23,"minecraft:cobblestone":7,"thermal:deepslate_lead_ore":12,"minecraft:deepslate_gold_ore":15,"minecraft:lapis_ore":2,"minecraft:sugar_cane":3,"minecraft:oak_planks":21,"minecraft:wall_torch":9,"supplementaries:urn":8,"ars_nouveau:blue_archwood_log":9,"autumnity:maple_pressure_plate":2,"thermal:deepslate_silver_ore":1,"minecraft:grass":114,"thermal:niter_ore":6,"thermal:silver_ore":3,"minecraft:coal_ore":113,"minecraft:dripstone_block":1,"minecraft:gravel":4,"minecraft:dirt":15,"minecraft:cobweb":4,"minecraft:deepslate":198},"minecraft:used":{"minecraft:stone_sword":71,"quark:shale":3,"minecraft:iron_sword":175,"minecraft:torch":22,"minecraft:dirt":7,"quark:yellow_blossom_sapling":2,"minecolonies:eggplant":2,"minecraft:iron_axe":99,"autumnity:maple_planks":362,"kubejs:mcejaffa":1,"autumnity:maple_pressure_plate":4,"supplementaries:candy":8,"quark:blossom_chest":6,"minecraft:furnace":2,"tombstone:gift":2,"minecraft:stone_pickaxe":28,"minecraft:oak_planks":21,"minecraft:wooden_pickaxe":18,"minecraft:crafting_table":5,"minecraft:diamond_pickaxe":44,"autumnity:maple_door":4,"minecraft:iron_pickaxe":665,"quark:jasper":1,"minecraft:stone_axe":132,"minecraft:cobblestone":35,"minecraft:cooked_porkchop":9,"quark:oak_chest":2,"minecraft:golden_pickaxe":4},"minecraft:broken":{"minecraft:stone_axe":1,"minecraft:iron_pickaxe":2},"minecraft:custom":{"lootr:looted_stat":4,"minecraft:mob_kills":51,"minecraft:interact_with_crafting_table":35,"minecraft:damage_dealt_resisted":0,"minecraft:time_since_death":31252,"minecraft:damage_resisted":0,"champions:champion_mobs_killed":9,"minecraft:sprint_one_cm":269348,"minecraft:walk_one_cm":438018,"minecraft:drop":32,"minecraft:play_time":134735,"minecraft:deaths":12,"minecraft:sneak_time":1405,"minecraft:walk_under_water_one_cm":803,"minecraft:jump":1672,"minecraft:walk_on_water_one_cm":10168,"minecraft:total_world_time":134735,"minecraft:interact_with_furnace":48,"minecraft:time_since_rest":30983,"minecraft:damage_taken":4728,"minecraft:damage_absorbed":35,"minecraft:trigger_trapped_chest":3,"minecraft:damage_dealt":11614,"minecraft:swim_one_cm":10553,"minecraft:fly_one_cm":249681,"minecraft:open_chest":66,"minecraft:crouch_one_cm":4485,"tombstone:undead_killed":21,"minecraft:fall_one_cm":50604},"minecraft:picked_up":{"minecraft:crafting_table":3,"thermal:raw_silver":4,"autumnity:maple_log":150,"ars_nouveau:blue_archwood_sapling":11,"enderio:broken_spawner":3,"minecraft:shield":1,"minecraft:string":13,"minecraft:raw_copper":78,"thermal:raw_nickel":16,"thermal:barley_seeds":1,"minecraft:zombie_head":1,"goety:ectoplasm":1,"minecraft:cobbled_deepslate":197,"minecraft:beef":3,"minecolonies:eggplant":1,"thermal:niter":21,"alshanex_familiars:spider_fang":1,"quark:yellow_blossom_sapling":2,"minecraft:sugar_cane":7,"minecraft:iron_boots":1,"minecraft:stick":73,"minecraft:raw_iron":55,"autumnity:maple_planks":6,"thermal:raw_lead":15,"thermal:sadiroot_seeds":1,"minecraft:torch":13,"quark:blossom_log":46,"ars_nouveau:blue_archwood_log":63,"minecraft:porkchop":13,"ars_nouveau:frostaya_pod":7,"minecraft:music_disc_11":1,"minecraft:pointed_dripstone":3,"tombstone:grave_dust":3,"minecraft:redstone":215,"thermal:flax_seeds":2,"thermal:peanut_seeds":1,"minecraft:stone_sword":1,"minecraft:arrow":7,"minecraft:rotten_flesh":5,"thermal:corn_seeds":1,"autumnity:orange_maple_sapling":14,"alexsdelight:raw_bison":3,"supplementaries:ash":12,"minecraft:cobblestone":92,"occultism:datura_seeds":2,"minecraft:leather_chestplate":3,"biomeswevegone:lush_dirt":12,"autumnity:red_maple_sapling":11,"minecraft:glow_ink_sac":12,"autumnity:maple_door":2,"minecraft:red_mushroom":34,"supplementaries:flax_seeds":2,"minecraft:tuff":6,"create:raw_zinc":53,"minecraft:oak_log":8,"iceandfire:ectoplasm":1,"minecraft:lapis_lazuli":12,"minecraft:dirt":34,"autumnity:maple_pressure_plate":2,"minecraft:leather_boots":1,"minecraft:bone":13,"tinkers_advanced:bismuthinite":43,"minecraft:wheat_seeds":4,"minecraft:raw_gold":15,"minecraft:rabbit_hide":6,"thermal:tomato_seeds":2,"minecraft:oak_planks":21,"immersive_weathering:tallow":14,"thermal:raw_tin":23,"thermal:bell_pepper_seeds":2,"thermal:strawberry_seeds":1,"quark:shale":19,"minecraft:dandelion":1,"minecraft:dripstone_block":1,"minecraft:gravel":4,"quark:oak_chest":2,"minecraft:spider_eye":4,"quark:jasper":8,"quark:cobblestone_bricks":4,"autumnity:yellow_maple_sapling":27,"minecraft:diamond":11,"minecolonies:mint":1,"autumnity:maple_sapling":12,"minecraft:emerald":5,"tombstone:magic_scroll":1,"minecraft:oak_sapling":3,"minecraft:coal":122},"minecraft:killed":{"vampirism:vampire":1,"minecraft:cave_spider":5,"minecraft:spider":1,"quark:toretoise":1,"minecraft:skeleton":8,"vampirism:blinding_bat":3,"alexsmobs:bison":1,"alexsmobs:rocky_roller":1,"goety:web_spider":2,"minecraft:pig":7,"majruszsdifficulty:cursed_armor":4,"minecraft:zombie":7,"iceandfire:ghost":5,"goety:wraith":1,"minecraft:cow":2}},"DataVersion":3465}