{
  "enigmaticlegacy:book/accessories/enigmatic_elytra": {
    "criteria": {
      "has_the_recipe": "2025-03-03 17:43:18 +0000"
    },
    "done": true
  },
  "crystalcraft_unlimited_java:recipe_unlock": {
    "criteria": {
      "recipe_unlock_0": "2025-03-03 17:43:18 +0000"
    },
    "done": true
  },
  "comforts:sleeping_bag_pink": {
    "criteria": {
      "has_the_recipe": "2025-03-03 17:43:18 +0000"
    },
    "done": true
  },
  "comforts:hammock_magenta": {
    "criteria": {
      "has_the_recipe": "2025-03-03 17:43:18 +0000"
    },
    "done": true
  },
  "enigmaticlegacy:book/accessories/iron_ring": {
    "criteria": {
      "has_the_recipe": "2025-03-03 17:43:18 +0000"
    },
    "done": true
  },
  "enigmaticlegacy:book/tools/ender_slayer": {
    "criteria": {
      "has_the_recipe": "2025-03-03 17:43:18 +0000"
    },
    "done": true
  },
  "comforts:rope_and_nail": {
    "criteria": {
      "has_the_recipe": "2025-03-03 17:43:18 +0000"
    },
    "done": true
  },
  "toms_storage:unlock_glowstone": {
    "criteria": {
      "inv_changed-glowstone": "2025-03-03 17:43:18 +0000"
    },
    "done": true
  },
  "enigmaticlegacy:book/misc/infinimeal": {
    "criteria": {
      "has_the_recipe": "2025-03-03 17:43:18 +0000"
    },
    "done": true
  },
  "comforts:sleeping_bag_cyan": {
    "criteria": {
      "has_the_recipe": "2025-03-03 17:43:18 +0000"
    },
    "done": true
  },
  "enigmaticlegacy:book/misc/end_anchor": {
    "criteria": {
      "has_the_recipe": "2025-03-03 17:43:18 +0000"
    },
    "done": true
  },
  "comforts:sleeping_bag_light_gray": {
    "criteria": {
      "has_the_recipe": "2025-03-03 17:43:18 +0000"
    },
    "done": true
  },
  "enigmaticlegacy:book/accessories/magnet_ring": {
    "criteria": {
      "has_the_recipe": "2025-03-03 17:43:18 +0000"
    },
    "done": true
  },
  "comforts:hammock_gray": {
    "criteria": {
      "has_the_recipe": "2025-03-03 17:43:18 +0000"
    },
    "done": true
  },
  "undergarden:undergarden/root": {
    "criteria": {
      "tick": "2025-03-03 17:43:18 +0000"
    },
    "done": true
  },
  "enigmaticlegacy:book/decorations/lamp": {
    "criteria": {
      "has_the_recipe": "2025-03-03 17:43:18 +0000"
    },
    "done": true
  },
  "comforts:sleeping_bag_magenta": {
    "criteria": {
      "has_the_recipe": "2025-03-03 17:43:18 +0000"
    },
    "done": true
  },
  "naturescompass:natures_compass": {
    "criteria": {
      "has_recipe": "2025-03-03 17:43:18 +0000"
    },
    "done": true
  },
  "enigmaticlegacy:book/tools/etherium_axe": {
    "criteria": {
      "has_the_recipe": "2025-03-03 17:43:18 +0000"
    },
    "done": true
  },
  "comforts:sleeping_bag_black": {
    "criteria": {
      "has_the_recipe": "2025-03-03 17:43:18 +0000"
    },
    "done": true
  },
  "enigmaticlegacy:book/accessories/fabulous_scroll": {
    "criteria": {
      "has_the_recipe": "2025-03-03 17:43:18 +0000"
    },
    "done": true
  },
  "enigmaticlegacy:book/misc/twisted_mirror": {
    "criteria": {
      "has_the_recipe": "2025-03-03 17:43:18 +0000"
    },
    "done": true
  },
  "enigmaticlegacy:book/misc/mending_mixture": {
    "criteria": {
      "has_the_recipe": "2025-03-03 17:43:18 +0000"
    },
    "done": true
  },
  "comforts:sleeping_bag_red": {
    "criteria": {
      "has_the_recipe": "2025-03-03 17:43:18 +0000"
    },
    "done": true
  },
  "mekanism:root": {
    "criteria": {
      "automatic": "2025-03-03 17:43:18 +0000"
    },
    "done": true
  },
  "enigmaticlegacy:book/armor/etherium_armor": {
    "criteria": {
      "has_the_recipe2": "2025-03-03 17:43:18 +0000"
    },
    "done": true
  },
  "enigmaticlegacy:book/tools/forbidden_axe": {
    "criteria": {
      "has_the_recipe": "2025-03-03 17:43:18 +0000"
    },
    "done": true
  },
  "toms_storage:unlock_netherite": {
    "criteria": {
      "inv_changed-netherite": "2025-03-03 17:43:18 +0000"
    },
    "done": true
  },
  "enigmaticlegacy:book/accessories/mining_charm": {
    "criteria": {
      "has_the_recipe": "2025-03-03 17:43:18 +0000"
    },
    "done": true
  },
  "comforts:sleeping_bag_brown": {
    "criteria": {
      "has_the_recipe": "2025-03-03 17:43:18 +0000"
    },
    "done": true
  },
  "comforts:hammock_brown": {
    "criteria": {
      "has_the_recipe": "2025-03-03 17:43:18 +0000"
    },
    "done": true
  },
  "toms_storage:unlock_chest": {
    "criteria": {
      "inv_changed-chest": "2025-03-03 17:43:18 +0000"
    },
    "done": true
  },
  "enigmaticlegacy:book/tools/etherium_pickaxe": {
    "criteria": {
      "has_the_recipe": "2025-03-03 17:43:18 +0000"
    },
    "done": true
  },
  "enigmaticlegacy:book/accessories/insignia": {
    "criteria": {
      "has_the_recipe": "2025-03-03 17:43:18 +0000"
    },
    "done": true
  },
  "enigmaticlegacy:book/materials/ender_rod": {
    "criteria": {
      "has_the_recipe": "2025-03-03 17:43:18 +0000"
    },
    "done": true
  },
  "enigmaticlegacy:book/misc/curse_transposer": {
    "criteria": {
      "has_the_recipe": "2025-03-03 17:43:18 +0000"
    },
    "done": true
  },
  "enigmaticlegacy:book/tools/astral_breaker": {
    "criteria": {
      "has_the_recipe": "2025-03-03 17:43:18 +0000"
    },
    "done": true
  },
  "enigmaticlegacy:book/misc/cursed_stone": {
    "criteria": {
      "has_the_recipe": "2025-03-03 17:43:18 +0000"
    },
    "done": true
  },
  "comforts:sleeping_bag_light_blue": {
    "criteria": {
      "has_the_recipe": "2025-03-03 17:43:18 +0000"
    },
    "done": true
  },
  "enigmaticlegacy:book/misc/cosmic_cake": {
    "criteria": {
      "has_the_recipe": "2025-03-03 17:43:18 +0000"
    },
    "done": true
  },
  "enigmaticlegacy:book/misc/mega_sponge": {
    "criteria": {
      "has_the_recipe": "2025-03-03 17:43:18 +0000"
    },
    "done": true
  },
  "enigmaticlegacy:book/misc/hunter_guidebook": {
    "criteria": {
      "has_the_recipe": "2025-03-03 17:43:18 +0000"
    },
    "done": true
  },
  "comforts:hammock_purple": {
    "criteria": {
      "has_the_recipe": "2025-03-03 17:43:18 +0000"
    },
    "done": true
  },
  "enigmaticlegacy:book/accessories/escape_scroll": {
    "criteria": {
      "has_the_recipe": "2025-03-03 17:43:18 +0000"
    },
    "done": true
  },
  "enigmaticlegacy:book/materials/cosmic_heart": {
    "criteria": {
      "has_the_recipe": "2025-03-03 17:43:18 +0000"
    },
    "done": true
  },
  "comforts:hammock_red": {
    "criteria": {
      "has_the_recipe": "2025-03-03 17:43:18 +0000"
    },
    "done": true
  },
  "enigmaticlegacy:book/misc/enchantment_transposer": {
    "criteria": {
      "has_the_recipe": "2025-03-03 17:43:18 +0000"
    },
    "done": true
  },
  "totw_modded:root": {
    "criteria": {
      "sample_trigger": "2025-03-03 17:43:18 +0000"
    },
    "done": true
  },
  "comforts:sleeping_bag_white": {
    "criteria": {
      "has_the_recipe": "2025-03-03 17:43:18 +0000"
    },
    "done": true
  },
  "comforts:sleeping_bag_gray": {
    "criteria": {
      "has_the_recipe": "2025-03-03 17:43:18 +0000"
    },
    "done": true
  },
  "enigmaticlegacy:book/accessories/ender_ring": {
    "criteria": {
      "has_the_recipe": "2025-03-03 17:43:18 +0000"
    },
    "done": true
  },
  "enigmaticlegacy:book/misc/animal_guidebook": {
    "criteria": {
      "has_the_recipe": "2025-03-03 17:43:18 +0000"
    },
    "done": true
  },
  "dungeons_arise:wda_root": {
    "criteria": {
      "WDA": "2025-03-03 17:43:18 +0000"
    },
    "done": true
  },
  "enigmaticlegacy:book/misc/extradimensional_eye": {
    "criteria": {
      "has_the_recipe": "2025-03-03 17:43:18 +0000"
    },
    "done": true
  },
  "enigmaticlegacy:book/accessories/heaven_scroll": {
    "criteria": {
      "has_the_recipe": "2025-03-03 17:43:18 +0000"
    },
    "done": true
  },
  "comforts:hammock_black": {
    "criteria": {
      "has_the_recipe": "2025-03-03 17:43:18 +0000"
    },
    "done": true
  },
  "enigmaticlegacy:book/misc/astral_potato": {
    "criteria": {
      "has_the_recipe": "2025-03-03 17:43:18 +0000"
    },
    "done": true
  },
  "enigmaticlegacy:book/misc/soul_compass": {
    "criteria": {
      "has_the_recipe": "2025-03-03 17:43:18 +0000"
    },
    "done": true
  },
  "enigmaticlegacy:book/misc/lore_inscriber": {
    "criteria": {
      "has_the_recipe": "2025-03-03 17:43:18 +0000"
    },
    "done": true
  },
  "sololeveling:awakened": {
    "criteria": {
      "awakened": "2025-03-03 17:43:18 +0000"
    },
    "done": true
  },
  "naturescompass:natures_compass_log": {
    "criteria": {
      "has_recipe": "2025-03-03 17:43:18 +0000"
    },
    "done": true
  },
  "comforts:hammock_cyan": {
    "criteria": {
      "has_the_recipe": "2025-03-03 17:43:18 +0000"
    },
    "done": true
  },
  "comforts:sleeping_bag_purple": {
    "criteria": {
      "has_the_recipe": "2025-03-03 17:43:18 +0000"
    },
    "done": true
  },
  "comforts:sleeping_bag_green": {
    "criteria": {
      "has_the_recipe": "2025-03-03 17:43:18 +0000"
    },
    "done": true
  },
  "comforts:hammock_light_blue": {
    "criteria": {
      "has_the_recipe": "2025-03-03 17:43:18 +0000"
    },
    "done": true
  },
  "enigmaticlegacy:book/accessories/xp_scroll": {
    "criteria": {
      "has_the_recipe": "2025-03-03 17:43:18 +0000"
    },
    "done": true
  },
  "toms_storage:unlock_dia_pearl": {
    "criteria": {
      "inv_changed-ender_pearl": "2025-03-03 17:43:18 +0000",
      "inv_changed-diamond": "2025-03-03 17:43:18 +0000"
    },
    "done": true
  },
  "enigmaticlegacy:book/tools/infernal_shield": {
    "criteria": {
      "has_the_recipe": "2025-03-03 17:43:18 +0000"
    },
    "done": true
  },
  "comforts:hammock_green": {
    "criteria": {
      "has_the_recipe": "2025-03-03 17:43:18 +0000"
    },
    "done": true
  },
  "enigmaticlegacy:book/decorations/shroomlamp": {
    "criteria": {
      "has_the_recipe": "2025-03-03 17:43:18 +0000"
    },
    "done": true
  },
  "comforts:hammock_lime": {
    "criteria": {
      "has_the_recipe": "2025-03-03 17:43:18 +0000"
    },
    "done": true
  },
  "naturescompass:natures_compass_sapling": {
    "criteria": {
      "has_recipe": "2025-03-03 17:43:18 +0000"
    },
    "done": true
  },
  "enigmaticlegacy:book/accessories/enchanter_pearl": {
    "criteria": {
      "has_the_recipe": "2025-03-03 17:43:18 +0000"
    },
    "done": true
  },
  "enigmaticlegacy:book/accessories/golden_ring": {
    "criteria": {
      "has_the_recipe": "2025-03-03 17:43:18 +0000"
    },
    "done": true
  },
  "comforts:sleeping_bag_orange": {
    "criteria": {
      "has_the_recipe": "2025-03-03 17:43:18 +0000"
    },
    "done": true
  },
  "enigmaticlegacy:book/tools/etherium_sword": {
    "criteria": {
      "has_the_recipe": "2025-03-03 17:43:18 +0000"
    },
    "done": true
  },
  "comforts:hammock_blue": {
    "criteria": {
      "has_the_recipe": "2025-03-03 17:43:18 +0000"
    },
    "done": true
  },
  "comforts:hammock_white": {
    "criteria": {
      "has_the_recipe": "2025-03-03 17:43:18 +0000"
    },
    "done": true
  },
  "enigmaticlegacy:book/tools/the_twist": {
    "criteria": {
      "has_the_recipe": "2025-03-03 17:43:18 +0000"
    },
    "done": true
  },
  "enigmaticlegacy:book/tools/etherium_scythe": {
    "criteria": {
      "has_the_recipe": "2025-03-03 17:43:18 +0000"
    },
    "done": true
  },
  "comforts:hammock_light_gray": {
    "criteria": {
      "has_the_recipe": "2025-03-03 17:43:18 +0000"
    },
    "done": true
  },
  "enigmaticlegacy:book/decorations/redstone_lantern": {
    "criteria": {
      "has_the_recipe": "2025-03-03 17:43:18 +0000"
    },
    "done": true
  },
  "comforts:hammock_pink": {
    "criteria": {
      "has_the_recipe": "2025-03-03 17:43:18 +0000"
    },
    "done": true
  },
  "enigmaticlegacy:book/tools/the_infinitum": {
    "criteria": {
      "has_the_recipe": "2025-03-03 17:43:18 +0000"
    },
    "done": true
  },
  "comforts:sleeping_bag_lime": {
    "criteria": {
      "has_the_recipe": "2025-03-03 17:43:18 +0000"
    },
    "done": true
  },
  "enigmaticlegacy:book/tools/eldritch_pan": {
    "criteria": {
      "has_the_recipe": "2025-03-03 17:43:18 +0000"
    },
    "done": true
  },
  "enigmaticlegacy:book/accessories/super_magnet_ring": {
    "criteria": {
      "has_the_recipe": "2025-03-03 17:43:18 +0000"
    },
    "done": true
  },
  "comforts:hammock_yellow": {
    "criteria": {
      "has_the_recipe": "2025-03-03 17:43:18 +0000"
    },
    "done": true
  },
  "enigmaticlegacy:book/accessories/arcane_scrolls": {
    "criteria": {
      "has_the_recipe": "2025-03-03 17:43:18 +0000"
    },
    "done": true
  },
  "occultism:occultism/root": {
    "criteria": {
      "occultism_present": "2025-03-03 17:43:18 +0000"
    },
    "done": true
  },
  "enigmaticlegacy:book/accessories/avarice_scroll": {
    "criteria": {
      "has_the_recipe": "2025-03-03 17:43:18 +0000"
    },
    "done": true
  },
  "enigmaticlegacy:book/tools/etherium_shovel": {
    "criteria": {
      "has_the_recipe": "2025-03-03 17:43:18 +0000"
    },
    "done": true
  },
  "comforts:sleeping_bag_blue": {
    "criteria": {
      "has_the_recipe": "2025-03-03 17:43:18 +0000"
    },
    "done": true
  },
  "enigmaticlegacy:book/accessories/monster_charm": {
    "criteria": {
      "has_the_recipe": "2025-03-03 17:43:18 +0000"
    },
    "done": true
  },
  "enigmaticlegacy:book/accessories/desolation_ring": {
    "criteria": {
      "has_the_recipe": "2025-03-03 17:43:18 +0000"
    },
    "done": true
  },
  "comforts:sleeping_bag_yellow": {
    "criteria": {
      "has_the_recipe": "2025-03-03 17:43:18 +0000"
    },
    "done": true
  },
  "enigmaticlegacy:book/accessories/berserk_charm": {
    "criteria": {
      "has_the_recipe": "2025-03-03 17:43:18 +0000"
    },
    "done": true
  },
  "enigmaticlegacy:book/materials/twisted_heart": {
    "criteria": {
      "has_the_recipe": "2025-03-03 17:43:18 +0000"
    },
    "done": true
  },
  "enigmaticlegacy:book/accessories/cursed_scroll": {
    "criteria": {
      "has_the_recipe": "2025-03-03 17:43:18 +0000"
    },
    "done": true
  },
  "comforts:hammock_orange": {
    "criteria": {
      "has_the_recipe": "2025-03-03 17:43:18 +0000"
    },
    "done": true
  },
  "minecraft:adventure/adventuring_time": {
    "criteria": {
      "minecraft:taiga": "2025-03-03 17:43:19 +0000",
      "minecraft:stony_shore": "2025-03-03 18:31:51 +0000",
      "minecraft:lush_caves": "2025-03-03 18:17:34 +0000",
      "minecraft:ocean": "2025-03-03 18:48:13 +0000",
      "minecraft:plains": "2025-03-03 18:20:52 +0000"
    },
    "done": false
  },
  "tombstone:adventure/root": {
    "criteria": {
      "auto": "2025-03-03 17:43:19 +0000"
    },
    "done": true
  },
  "integrateddynamics:root": {
    "criteria": {
      "criteria_0": "2025-03-03 17:43:38 +0000"
    },
    "done": true
  },
  "minecraft:adventure/kill_all_mobs": {
    "criteria": {
      "minecraft:skeleton": "2025-03-03 18:04:27 +0000",
      "minecraft:spider": "2025-03-03 18:05:13 +0000",
      "minecraft:creeper": "2025-03-03 19:01:03 +0000",
      "minecraft:enderman": "2025-03-03 18:19:48 +0000",
      "minecraft:zombie": "2025-03-03 17:45:54 +0000"
    },
    "done": false
  },
  "minecraft:adventure/root": {
    "criteria": {
      "killed_something": "2025-03-03 17:45:54 +0000"
    },
    "done": true
  },
  "minecraft:adventure/kill_a_mob": {
    "criteria": {
      "minecraft:zombie": "2025-03-03 17:45:54 +0000"
    },
    "done": true
  },
  "ars_nouveau:root": {
    "criteria": {
      "ars_nouveau:worn_notebook": "2025-03-03 17:59:28 +0000"
    },
    "done": true
  },
  "feywild:feywild/root": {
    "criteria": {
      "inventory_changed": "2025-03-03 17:59:55 +0000"
    },
    "done": true
  },
  "minecraft:story/mine_stone": {
    "criteria": {
      "get_stone": "2025-03-03 18:03:21 +0000"
    },
    "done": true
  },
  "enigmaticlegacy:book/relics/cursed_ring": {
    "criteria": {
      "has_items": "2025-03-03 18:03:29 +0000"
    },
    "done": true
  },
  "biomesoplenty:biomesoplenty/all_biomes": {
    "criteria": {
      "coniferous_forest": "2025-03-03 18:48:29 +0000",
      "fir_clearing": "2025-03-03 18:22:01 +0000",
      "snowy_maple_woods": "2025-03-03 18:06:44 +0000"
    },
    "done": false
  },
  "biomesoplenty:biomesoplenty/root": {
    "criteria": {
      "snowy_maple_woods": "2025-03-03 18:06:44 +0000"
    },
    "done": true
  },
  "tombstone:adventure/first_grave": {
    "criteria": {
      "coded_trigger": "2025-03-03 18:06:53 +0000"
    },
    "done": true
  },
  "minecraft:story/upgrade_tools": {
    "criteria": {
      "stone_pickaxe": "2025-03-03 18:16:03 +0000"
    },
    "done": true
  },
  "easy_mob_farm:root": {
    "criteria": {
      "crafting_table": "2025-03-03 18:19:53 +0000"
    },
    "done": true
  },
  "minecraft:story/root": {
    "criteria": {
      "crafting_table": "2025-03-03 18:19:53 +0000"
    },
    "done": true
  },
  "easy_mob_farm:recipes/mob_catcher/enduring_capture_net": {
    "criteria": {
      "has_string": "2025-03-03 18:20:14 +0000"
    },
    "done": true
  },
  "minecraft:husbandry/tame_an_animal": {
    "criteria": {
      "tamed_animal": "2025-03-03 18:23:06 +0000"
    },
    "done": true
  },
  "easy_mob_farm:recipes/mob_catcher/mystic_binding_crystal": {
    "criteria": {
      "has_ender_pearl": "2025-03-03 18:24:46 +0000"
    },
    "done": true
  },
  "easy_mob_farm:recipes/upgrade/filter/no_meat_filter": {
    "criteria": {
      "has_porkchop": "2025-03-03 18:26:31 +0000"
    },
    "done": true
  },
  "minecraft:husbandry/root": {
    "criteria": {
      "consumed_item": "2025-03-03 18:28:40 +0000"
    },
    "done": true
  },
  "minecraft:husbandry/balanced_diet": {
    "criteria": {
      "cooked_mutton": "2025-03-03 18:28:40 +0000"
    },
    "done": false
  },
  "naturesaura:positive_imbalance": {
    "criteria": {
      "triggered_in_code": "2025-03-03 18:48:24 +0000"
    },
    "done": true
  },
  "sololeveling:regeneration_level_2": {
    "criteria": {
      "regeneration_level_2": "2025-03-03 19:07:00 +0000"
    },
    "done": true
  },
  "tombstone:adventure/first_knowledge": {
    "criteria": {
      "coded_trigger": "2025-03-03 19:01:29 +0000"
    },
    "done": true
  },
  "tombstone:adventure/ashes_and_bones": {
    "criteria": {
      "coded_trigger": "2025-03-03 19:01:29 +0000"
    },
    "done": true
  },
  "DataVersion": 3465
}