{"stats":{"minecraft:killed_by":{"alexsmobs:raccoon":1,"minecraft:skeleton":1,"iceandfire:ghost":2,"guardvillagers:guard":1},"minecraft:mined":{"minecraft:tuff":1,"quark:shale":37,"minecraft:cobblestone_stairs":11,"thermal:tin_ore":12,"minecraft:grass_block":39,"quark:blossom_wall_sign":1,"minecraft:deepslate_bricks":3,"quark:jasper":28,"minecraft:polished_blackstone_bricks":2,"minecraft:iron_ore":13,"minecraft:cobbled_deepslate":2,"minecraft:pumpkin":8,"quark:blossom_planks":9,"treechop:chopped_log":8,"ae2:mysterious_cube":1,"minecraft:deepslate_iron_ore":6,"quark:limestone":20,"immersive_weathering:silt":2,"minecraft:stone":463,"ae2:large_quartz_bud":2,"minecraft:basalt":1,"quark:blossom_door":1,"minecraft:andesite_slab":1,"minecraft:campfire":1,"minecraft:glass":1,"minecraft:copper_ore":191,"minecraft:tall_grass":2,"minecraft:cobblestone":1,"minecraft:deepslate_gold_ore":13,"minecraft:sugar_cane":4,"minecraft:wall_torch":2,"minecraft:yellow_bed":1,"minecraft:grass":13,"immersive_weathering:autumnity/maple_leaf_pile":1,"minecraft:coal_ore":27,"ae2:small_quartz_bud":3,"minecraft:dirt":42,"autumnity:maple_door":1,"minecraft:cracked_stone_bricks":2,"minecraft:smooth_basalt":1,"minecraft:oak_leaves":1,"minecraft:deepslate":163},"minecraft:dropped":{"thermal:onion_seeds":1,"minecraft:wheat_seeds":1,"minecraft:dirt":38,"thermal:radish_seeds":1,"minecraft:dandelion":1,"minecraft:bone":1,"alexsmobs:maggot":2,"minecraft:andesite_slab":2,"minecraft:raw_iron":6,"minecraft:stripped_oak_log":2,"autumnity:maple_sapling":4},"minecraft:crafted":{"minecraft:wooden_sword":1,"minecraft:stone_shovel":1,"minecraft:furnace":1,"minecraft:cobblestone_stairs":188,"quark:blossom_chest":4,"quark:blossom_fence":6,"minecraft:ladder":9,"quark:blossom_pressure_plate":1,"minecraft:stone_pickaxe":6,"autumnity:maple_planks":108,"autumnity:maple_door":3,"quark:blossom_planks":412,"quark:blossom_sign":3,"minecraft:crafting_table":2,"minecraft:wooden_pickaxe":1,"minecraft:copper_ingot":64,"minecraft:air":0,"minecraft:stick":56,"minecraft:iron_ingot":5,"minecraft:iron_pickaxe":1,"minecraft:wooden_axe":1,"minecraft:gold_ingot":13,"quark:blossom_door":3,"minecraft:torch":28},"minecraft:used":{"minecraft:stone_shovel":83,"minecraft:ladder":7,"minecraft:torch":30,"minecraft:dirt":2,"quark:yellow_blossom_sapling":10,"minecraft:spruce_stairs":4,"minecraft:glass":206,"minecraft:wooden_axe":62,"quark:blossom_chest":4,"minecraft:furnace":1,"quark:blossom_planks":227,"tombstone:gift":2,"minecraft:potato":8,"minecraft:cobbled_deepslate":4,"minecraft:cobblestone_stairs":199,"minecraft:birch_planks":57,"minecraft:stone_pickaxe":786,"minecraft:wooden_pickaxe":59,"minecraft:crafting_table":2,"alexsmobs:spawn_egg_fly":52,"autumnity:maple_door":1,"minecraft:apple":1,"quark:blossom_door":2,"minecraft:bread":8,"minecraft:iron_pickaxe":164,"quark:blossom_pressure_plate":1,"quark:blossom_sign":2,"quark:blossom_fence":6,"minecraft:wooden_sword":30,"minecraft:cobblestone":17,"minecraft:yellow_bed":1,"minecraft:stripped_oak_log":9},"minecraft:broken":{"minecraft:wooden_pickaxe":1,"minecraft:stone_pickaxe":6,"minecraft:wooden_axe":1},"minecraft:custom":{"minecraft:interact_with_smithing_table":1,"lootr:looted_stat":3,"minecraft:mob_kills":6,"minecraft:interact_with_crafting_table":32,"minecraft:open_barrel":1,"minecraft:damage_dealt_resisted":0,"minecraft:leave_game":1,"minecraft:time_since_death":79693,"minecraft:climb_one_cm":10141,"minecraft:damage_resisted":0,"minecraft:sprint_one_cm":313402,"minecraft:walk_one_cm":358460,"minecraft:drop":14,"minecraft:play_time":135940,"minecraft:deaths":5,"minecraft:sneak_time":1118,"minecraft:walk_under_water_one_cm":1193,"minecraft:jump":1563,"minecraft:walk_on_water_one_cm":8518,"minecraft:total_world_time":135940,"minecraft:interact_with_furnace":8,"minecraft:sleep_in_bed":2,"minecraft:time_since_rest":45,"minecraft:damage_taken":1622,"minecraft:damage_dealt":1240,"minecraft:swim_one_cm":9952,"minecraft:fly_one_cm":308579,"minecraft:open_chest":25,"minecraft:crouch_one_cm":2994,"tombstone:undead_killed":1,"thief:caught_at_medium_thefts_in_village":1,"minecraft:fall_one_cm":42800,"minecraft:horse_one_cm":2500},"minecraft:picked_up":{"minecraft:charcoal":2,"autumnity:maple_log":27,"ae2:silicon_press":1,"minecraft:raw_copper":640,"quark:blossom_door":1,"minecraft:cobbled_deepslate":164,"delightful:acorn":2,"quark:yellow_blossom_sapling":10,"minecraft:sugar_cane":10,"minecraft:dark_oak_sapling":5,"minecraft:raw_iron":25,"minecraft:stick":36,"minecraft:torch":1,"quark:blossom_log":103,"minecraft:polished_blackstone_bricks":2,"tombstone:grave_dust":2,"quark:blossom_planks":8,"quark:clear_shard":2,"minecraft:arrow":1,"ae2:certus_quartz_dust":5,"majruszsaccessories:lucky_rock":1,"minecraft:deepslate_bricks":3,"autumnity:orange_maple_sapling":2,"thermal:radish_seeds":1,"ae2:calculation_processor_press":1,"minecraft:cobblestone":470,"minecraft:stripped_oak_log":2,"minecraft:basalt":1,"autumnity:maple_door":1,"immersive_weathering:silt":2,"minecolonies:tomato":1,"minecraft:tuff":1,"minecraft:yellow_bed":1,"minecraft:cobblestone_stairs":11,"quark:limestone":20,"minecraft:dirt":119,"minecraft:bone":2,"minecraft:apple":1,"minecraft:wheat_seeds":2,"minecraft:raw_gold":13,"thermal:tomato_seeds":1,"ae2:logic_processor_press":1,"thermal:raw_tin":12,"minecraft:smooth_basalt":1,"minecraft:pumpkin":8,"quark:shale":37,"minecraft:dandelion":1,"quark:blossom_sign":1,"thermal:onion_seeds":2,"minecraft:dark_oak_log":18,"quark:jasper":28,"autumnity:maple_sapling":6,"ae2:engineering_processor_press":1,"alexsmobs:maggot":3,"minecraft:coal":27,"minecraft:andesite_slab":2},"minecraft:killed":{"minecraft:skeleton":1,"ars_nouveau:starbuncle":1,"alexsmobs:fly":3}},"DataVersion":3465}