{"stats":{"minecraft:killed":{"sololeveling:red_ants":3,"sololeveling:beru_boss":1,"minecraft:pig":3,"sololeveling:goblin_archer":36,"sololeveling:d_knight_3":6,"minecraft:spider":2,"minecraft:creeper":1,"minecraft:sheep":4,"sololeveling:goblin_mage":7,"thermal:blizz":1,"minecraft:skeleton":2,"minecraft:zombie":4,"sololeveling:goblin_club":104,"sololeveling:goblin_king":1,"minecraft:enderman":1},"minecraft:broken":{"minecraft:stone_pickaxe":1},"minecraft:used":{"minecraft:cooked_mutton":6,"minecraft:stone_sword":11,"minecraft:spruce_door":2,"minecraft:stone_pickaxe":272,"minecraft:spruce_planks":76,"minecraft:wooden_pickaxe":18,"minecraft:torch":26,"minecraft:dirt":1,"minecraft:crafting_table":8,"minecraft:spruce_log":1,"minecraft:spruce_boat":1,"quark:spruce_chest":2,"biomesoplenty:fir_sapling":2,"minecraft:stone_axe":71,"minecraft:furnace":1,"tombstone:gift":2,"biomesoplenty:fir_log":1},"minecraft:crafted":{"minecraft:cooked_porkchop":7,"minecraft:crafting_table":2,"minecraft:spruce_planks":136,"minecraft:wooden_pickaxe":1,"minecraft:spruce_door":3,"minecraft:furnace":1,"minecraft:stone_axe":2,"minecraft:cooked_mutton":6,"minecraft:air":0,"minecraft:charcoal":6,"minecraft:stick":24,"minecraft:stone_pickaxe":3,"minecraft:stone_sword":1,"minecraft:spruce_boat":1,"quark:spruce_chest":2,"minecraft:torch":56},"minecraft:killed_by":{"thermal:blizz":1},"minecraft:mined":{"minecraft:spruce_planks":4,"minecraft:amethyst_cluster":9,"minecraft:clay":1,"thermal:apatite_ore":13,"minecraft:crafting_table":7,"minecraft:torch":3,"minecraft:grass_block":4,"mekanism:tin_ore":8,"minecraft:tall_grass":1,"minecraft:copper_ore":46,"minecraft:cobblestone":1,"ars_nouveau:sourceberry_bush":11,"minecraft:diorite":2,"minecraft:wall_torch":1,"minecraft:amethyst_block":8,"minecraft:smooth_stone":1,"minecraft:furnace":1,"minecraft:spruce_log":41,"biomesoplenty:fir_log":15,"cyclic:flower_cyan":1,"minecraft:grass":3,"minecraft:coal_ore":139,"minecraft:iron_bars":1,"minecraft:dirt":5,"minecraft:stone_bricks":2,"minecraft:stone":57,"minecraft:oak_leaves":9,"minecraft:fern":1},"minecraft:picked_up":{"occultism:datura_seeds":1,"minecraft:crafting_table":8,"minecraft:clay_ball":4,"integrateddynamics:on_the_dynamics_of_integration":1,"easy_mob_farm:mob_capture_card":11,"biomesoplenty:fir_sapling":2,"biomesoplenty:fir_log":15,"minecraft:enchanted_book":1,"crystalcraft_unlimited_java:crystalopedia":1,"minecraft:amethyst_block":8,"sololeveling:mythic_dagger":1,"minecraft:string":3,"minecraft:dirt":9,"tombstone:gift":1,"minecraft:raw_copper":146,"minecraft:bone":1,"minecraft:wheat_seeds":1,"mysticalagriculture:inferium_essence":28,"minecraft:spruce_planks":4,"minecraft:stone_pickaxe":2,"biomesoplenty:toadstool":1,"minecraft:furnace":1,"sololeveling:mana_crystal_d":3,"minecraft:stick":13,"minecraft:torch":48,"minecraft:porkchop":7,"minecraft:amethyst_shard":60,"sololeveling:mana_crystal_s":1,"minecraft:spruce_sapling":26,"thermal:blizz_rod":1,"minecraft:diorite":2,"minecraft:spruce_log":41,"sololeveling:mana_crystal_e":83,"sololeveling:mana_crystal_a":3,"minecraft:spruce_door":1,"mekanism:raw_tin":8,"alexsmobs:animal_dictionary":1,"thermal:apatite":84,"forbidden_arcanus:ender_pearl_fragment":1,"sololeveling:hunter_id":2,"minecraft:arrow":1,"minecraft:rotten_flesh":5,"minecraft:spruce_boat":1,"ars_nouveau:worn_notebook":1,"ars_nouveau:sourceberry_bush":27,"tombstone:magic_scroll":1,"sololeveling:mana_gun":1,"minecraft:glow_berries":1,"minecraft:mutton":6,"minecraft:coal":139,"minecraft:white_wool":4,"minecraft:cobblestone":57,"minecraft:ender_pearl":1},"minecraft:custom":{"enigmaticlegacy:play_time_with_seven_curses":0,"minecraft:interact_with_furnace":15,"minecraft:mob_kills":177,"enigmaticlegacy:play_time_without_seven_curses":82817,"minecraft:interact_with_crafting_table":14,"minecraft:open_barrel":3,"minecraft:leave_game":3,"minecraft:time_since_death":70021,"minecraft:climb_one_cm":158,"minecraft:time_since_rest":70053,"minecraft:damage_absorbed":10,"minecraft:sprint_one_cm":287373,"minecraft:damage_taken":1192,"minecraft:walk_one_cm":362809,"minecraft:drop":40,"minecraft:damage_dealt":1967,"minecraft:swim_one_cm":812,"minecraft:player_kills":1,"minecraft:fly_one_cm":81632,"minecraft:open_chest":4,"minecraft:crouch_one_cm":7287,"minecraft:play_time":82849,"tombstone:undead_killed":12,"minecraft:deaths":1,"minecraft:sneak_time":3727,"minecraft:walk_under_water_one_cm":1231,"minecraft:jump":507,"minecraft:walk_on_water_one_cm":1289,"minecraft:total_world_time":82849,"minecraft:fall_one_cm":7474},"minecraft:dropped":{"minecraft:furnace":1,"sololeveling:mythic_dagger":1,"minecraft:stone_axe":1,"occultism:datura_seeds":1,"alexsmobs:animal_dictionary":2,"minecraft:stone_sword":1,"minecraft:crafting_table":2,"minecraft:cooked_porkchop":2,"sololeveling:mana_gun":1,"minecraft:glow_berries":1,"sololeveling:mana_crystal_a":1,"minecraft:rotten_flesh":5,"minecraft:clay_ball":4,"sololeveling:hunter_id":2,"minecraft:spruce_door":1,"minecraft:dirt":8,"ars_nouveau:worn_notebook":2,"minecraft:spruce_boat":1,"minecraft:diorite":2,"minecraft:torch":44,"easy_mob_farm:mob_capture_card":3,"integrateddynamics:on_the_dynamics_of_integration":1,"crystalcraft_unlimited_java:crystalopedia":1,"minecraft:arrow":1,"minecraft:stone_pickaxe":3,"minecraft:wooden_pickaxe":1,"minecraft:spruce_sapling":13}},"DataVersion":3465}