{"stats":{"minecraft:broken":{"minecraft:golden_helmet":2,"sololeveling:e_tier_sword":1,"minecraft:stone_sword":3},"minecraft:killed":{"sololeveling:red_ants":15,"sololeveling:goblin_archer":23,"sololeveling:d_knight_3":4,"minecraft:spider":3,"sololeveling:goblin_mage":2,"minecraft:skeleton":1,"alexsmobs:blue_jay":1,"sololeveling:goblin_club":69,"minecraft:zombie":8,"minecraft:chicken":1,"alexsmobs:bison":3,"minecraft:drowned":1,"alexsmobs:fly":1,"minecraft:cow":3,"sololeveling:goblin_king":2},"minecraft:used":{"minecraft:stone_sword":391,"sololeveling:e_tier_sword":80,"minecraft:stone_pickaxe":95,"minecraft:chest":4,"minecraft:wooden_pickaxe":3,"minecraft:cooked_chicken":1,"minecraft:dirt":2,"minecraft:crafting_table":5,"sololeveling:a_tier_sword":52,"minecraft:bread":1,"minecraft:golden_helmet":2,"minecraft:stone_axe":93,"minecraft:cobblestone":4,"sololeveling:mythic_dagger":14,"minecraft:furnace":2,"minecraft:cooked_porkchop":2,"minecraft:cooked_beef":4},"minecraft:crafted":{"minecraft:cooked_beef":7,"minecraft:crafting_table":3,"minecraft:spruce_planks":16,"minecraft:wooden_pickaxe":1,"minecraft:cooked_chicken":1,"minecraft:furnace":2,"sololeveling:e_tier_sword":1,"minecraft:stone_axe":1,"minecraft:air":0,"biomesoplenty:fir_planks":20,"minecraft:charcoal":4,"minecraft:stick":12,"sololeveling:a_tier_sword":1,"minecraft:stone_pickaxe":1,"minecraft:chest":4,"minecraft:stone_sword":4},"minecraft:mined":{"minecraft:amethyst_cluster":3,"minecraft:crafting_table":3,"minecraft:chiseled_bookshelf":11,"minecraft:grass_block":6,"minecraft:spruce_leaves":2,"minecraft:sugar_cane":11,"minecraft:black_stained_glass":2,"minecraft:spruce_log":4,"biomesoplenty:fir_log":17,"minecraft:grass":6,"minecraft:bookshelf":64,"minecraft:iron_bars":10,"minecraft:dirt":20,"minecraft:stone":85,"minecraft:fern":2},"minecraft:killed_by":{"minecraft:player":1,"minecraft:spider":1,"sololeveling:beru_boss":2,"alexsmobs:bison":1},"minecraft:picked_up":{"occultism:datura_seeds":1,"minecraft:crafting_table":5,"minecraft:feather":2,"minecraft:chicken":1,"integrateddynamics:on_the_dynamics_of_integration":2,"easy_mob_farm:mob_capture_card":16,"alexsmobs:bison_fur":5,"biomesoplenty:fir_log":21,"minecraft:enchanted_book":1,"minecraft:string":3,"minecraft:dirt":26,"sololeveling:mythic_dagger":1,"minecraft:bone":2,"mysticalagriculture:inferium_essence":36,"minecraft:beef":26,"tombstone:bag_of_seeds":2,"quark:black_shard":6,"minecraft:sugar_cane":30,"minecraft:chest":4,"minecraft:book":203,"sololeveling:mana_crystal_d":2,"minecraft:cooked_porkchop":2,"minecraft:amethyst_shard":12,"tombstone:grave_dust":1,"minecraft:spruce_log":4,"sololeveling:mana_crystal_e":60,"sololeveling:mana_crystal_c":5,"sololeveling:mana_crystal_a":25,"minecraft:spider_eye":1,"minecraft:stone_sword":1,"minecraft:arrow":1,"minecraft:rotten_flesh":13,"minecraft:painting":1,"reliquary:mob_charm_fragment":2,"alexsmobs:maggot":2,"minecraft:iron_bars":11,"sololeveling:mana_gun":2,"minecraft:cobblestone":85},"minecraft:custom":{"enigmaticlegacy:play_time_with_seven_curses":0,"minecraft:interact_with_furnace":26,"minecraft:mob_kills":138,"enigmaticlegacy:play_time_without_seven_curses":82654,"minecraft:interact_with_crafting_table":12,"minecraft:open_barrel":9,"minecraft:leave_game":1,"minecraft:time_since_death":7133,"minecraft:climb_one_cm":100,"minecraft:damage_resisted":21,"minecraft:time_since_rest":7179,"minecraft:sprint_one_cm":438158,"minecraft:walk_one_cm":350260,"minecraft:damage_taken":9415,"minecraft:damage_absorbed":30,"minecraft:drop":9,"minecraft:damage_dealt":27760,"minecraft:swim_one_cm":9471,"minecraft:fly_one_cm":239711,"minecraft:open_chest":13,"minecraft:crouch_one_cm":488,"minecraft:play_time":82961,"tombstone:undead_killed":14,"minecraft:deaths":7,"minecraft:sneak_time":147,"minecraft:walk_under_water_one_cm":3001,"minecraft:jump":785,"minecraft:walk_on_water_one_cm":7627,"minecraft:total_world_time":82961,"minecraft:fall_one_cm":52312},"minecraft:dropped":{"biomesoplenty:fir_log":4,"minecraft:stone_sword":1,"minecraft:crafting_table":1,"sololeveling:mana_gun":2,"minecraft:feather":1,"minecraft:spruce_planks":1,"minecraft:chest":4,"integrateddynamics:on_the_dynamics_of_integration":1}},"DataVersion":3465}